parent,source_round,n,max_score,mean_score,mean_ptm,mean_chromo
r25_p4,R25,193,0.9477,0.9380699481865286,0.9235259067357513,0.9599523316062176
r25_p5,R25,331,0.9468,0.9386087613293052,0.9234625377643505,0.9604942598187312
r25_p6,R25,164,0.9463,0.9371786585365854,0.9237640243902439,0.9556475609756098
r25_p2,R25,267,0.9454,0.938867041198502,0.9238074906367041,0.9602153558052434
r26_p1,R26,74,0.9449,0.9364972972972972,0.9232,0.9569662162162162
r24_p1,R24,2,0.9447,0.9444,0.9309000000000001,0.9643999999999999
r26_p2,R26,78,0.9446,0.9392628205128205,0.9239243589743591,0.9606358974358974
r24_p6,R24,3,0.9443,0.9441666666666667,0.9287333333333333,0.9661
r25_p3,R25,284,0.9441,0.936463028169014,0.9240563380281691,0.9551767605633802
r24_p4,R24,1,0.9438,0.9438,0.929,0.962
r25_p1,R26,5,0.9434,0.93638,0.9224,0.9576
r21_p2,R22,2,0.943,0.9422999999999999,0.92855,0.9624999999999999
r21_p3,R22,1,0.9429,0.9429,0.93,0.9652
r25_p1,R25,213,0.9428,0.9362633802816902,0.9228018779342724,0.9567755868544602
r23_p2,R22,2,0.9419,0.94165,0.9283,0.96065
r23_p2,R23,2,0.9418,0.94145,0.9275500000000001,0.96155
r23_p3,R23,1,0.9418,0.9418,0.9287,0.9641
r23_p1,R23,1,0.9415,0.9415,0.9278,0.9644
r21_p5,R22,1,0.9414,0.9414,0.9284,0.9613
r25_p2,R26,2,0.9407,0.9359500000000001,0.9212499999999999,0.95875
"T=0.2, sample=25, score=0.6229, global_score=0.6383, seq_recovery=0.8291",R20,106,0.9396,0.9324688679245283,0.9216235849056603,0.9521216981132075
"T=0.2, sample=70, score=0.6287, global_score=0.6441, seq_recovery=0.8419",R20,157,0.9389,0.933092356687898,0.9221662420382166,0.9520910828025477
"T=0.2, sample=33, score=0.6249, global_score=0.6401, seq_recovery=0.7821",R19,2,0.9321,0.9319500000000001,0.9201,0.95
